{
	"map": {
		"49": {
			"x": 0,
			"y": 0,
			"width": 28,
			"height": 32
		},
		"50": {
			"x": 28,
			"y": 0,
			"width": 28,
			"height": 32
		},
		"51": {
			"x": 56,
			"y": 0,
			"width": 28,
			"height": 32
		},
		"52": {
			"x": 84,
			"y": 0,
			"width": 28,
			"height": 32
		},
		"53": {
			"x": 112,
			"y": 0,
			"width": 28,
			"height": 32
		},
		"54": {
			"x": 140,
			"y": 0,
			"width": 28,
			"height": 32
		},
		"55": {
			"x": 168,
			"y": 0,
			"width": 28,
			"height": 32
		},
		"56": {
			"x": 196,
			"y": 0,
			"width": 28,
			"height": 32
		},
		"57": {
			"x": 224,
			"y": 0,
			"width": 28,
			"height": 32
		},
		"48": {
			"x": 252,
			"y": 0,
			"width": 28,
			"height": 32
		},
		"43": {
			"x": 308,
			"y": 0,
			"width": 28,
			"height": 32
		},
		"45": {
			"x": 336,
			"y": 0,
			"width": 28,
			"height": 32
		}
	},
	"missingGlyph": {
		"x": 280,
		"y": 0,
		"width": 28,
		"height": 32
	},
	"height": 32
}