{
  "width": 640,
  "height": 360,
  "fps": 30,
  "main": "./script/aez_bundle_main.js",
  "assets": {
    "img_numbers_n": {
      "type": "image",
      "width": 364,
      "height": 32,
      "path": "files/3dcf3291221e5531e18c.png",
      "virtualPath": "image/img_numbers_n.png"
    },
    "img_numbers_n_red": {
      "type": "image",
      "width": 364,
      "height": 32,
      "path": "files/0cbe6151ef7466d9d419.png",
      "virtualPath": "image/img_numbers_n_red.png"
    },
    "test": {
      "type": "text",
      "path": "files/13f8483e8e0aa4660e8e.json",
      "virtualPath": "text/test.json"
    },
    "win": {
      "type": "image",
      "width": 300,
      "height": 150,
      "path": "files/844b401adff0ab4b4621.png",
      "virtualPath": "image/win.png"
    },
    "koma": {
      "type": "image",
      "width": 144,
      "height": 72,
      "path": "files/02f1544c980d7870f0c7.png",
      "virtualPath": "image/koma.png"
    },
    "koma2": {
      "type": "image",
      "width": 80,
      "height": 40,
      "path": "files/3036f70ac858c19882b6.png",
      "virtualPath": "image/koma2.png"
    },
    "help": {
      "type": "image",
      "width": 150,
      "height": 75,
      "path": "files/d3879acd0c632c7d539d.png",
      "virtualPath": "image/help.png"
    },
    "aez_bundle_main": {
      "type": "script",
      "global": true,
      "path": "files/f086925699839f7a9594.js",
      "virtualPath": "script/aez_bundle_main.js"
    }
  },
  "environment": {
    "sandbox-runtime": "2",
    "niconico": {
      "supportedModes": [
        "multi"
      ]
    },
    "external": {
      "send": "0"
    },
    "akashic-runtime": {
      "version": "~2.1.13",
      "flavor": "-canvas"
    }
  },
  "globalScripts": [],
  "moduleMainScripts": {
    "@akashic-extension/akashic-timeline": "node_modules/@akashic-extension/akashic-timeline/lib/index.js"
  }
}